{"$schema":"http://schema.management.azure.com/schemas/2015-01-01/deploymentTemplate.json#","contentVersion":"1.0.0.0","parameters":{},"variables":{},"resources":[{"name":"Bronze_Pipeline","type":"pipelines","apiVersion":"2018-06-01","properties":{"activities":[{"name":"Kaggle_Extraction","type":"TridentNotebook","dependsOn":[],"policy":{"timeout":"0.12:00:00","retry":0,"retryIntervalInSeconds":30,"secureOutput":false,"secureInput":false},"typeProperties":{"notebookId":"f83ff959-26af-43d3-a8f6-7d2f932f3b5a","workspaceId":"9fa45eaf-a701-46a3-ba5c-c97dab18050d"}},{"name":"Referential Check","type":"TridentNotebook","dependsOn":[{"activity":"CSV Data Ingestion","dependencyConditions":["Succeeded"]}],"policy":{"timeout":"0.12:00:00","retry":0,"retryIntervalInSeconds":30,"secureOutput":false,"secureInput":false},"typeProperties":{"notebookId":"d426d14f-be5e-4055-a8f5-7cfa80b6964a","workspaceId":"9fa45eaf-a701-46a3-ba5c-c97dab18050d"}},{"name":"CSV Data Ingestion","type":"TridentNotebook","dependsOn":[{"activity":"Kaggle_Extraction","dependencyConditions":["Succeeded"]}],"policy":{"timeout":"0.12:00:00","retry":0,"retryIntervalInSeconds":30,"secureOutput":false,"secureInput":false},"typeProperties":{"notebookId":"32e872d5-338d-413b-b7de-fa65557581ea","workspaceId":"9fa45eaf-a701-46a3-ba5c-c97dab18050d"}}],"lastModifiedByObjectId":"2972839a-7e49-4b62-bb69-141f398c30e5","lastPublishTime":"2026-01-29T02:58:05Z"},"dependsOn":[]}]}