{"$schema":"http://schema.management.azure.com/schemas/2015-01-01/deploymentTemplate.json#","contentVersion":"1.0.0.0","parameters":{},"variables":{},"resources":[{"name":"Silver_Pipeline","type":"pipelines","apiVersion":"2018-06-01","properties":{"activities":[{"name":"Transform Silver Game","type":"TridentNotebook","dependsOn":[{"activity":"Fix Missing Event ID","dependencyConditions":["Succeeded"]},{"activity":"Fix Missing Team ID","dependencyConditions":["Succeeded"]}],"policy":{"timeout":"0.12:00:00","retry":0,"retryIntervalInSeconds":30,"secureOutput":false,"secureInput":false},"typeProperties":{"notebookId":"76501834-7856-49e9-a0ab-97276d2e85f2","workspaceId":"9fa45eaf-a701-46a3-ba5c-c97dab18050d"}},{"name":"Fix Missing Team ID","type":"TridentNotebook","dependsOn":[],"policy":{"timeout":"0.12:00:00","retry":0,"retryIntervalInSeconds":30,"secureOutput":false,"secureInput":false},"typeProperties":{"notebookId":"704a674b-b1b2-4db2-8ff8-67ee1b7ce5e5","workspaceId":"9fa45eaf-a701-46a3-ba5c-c97dab18050d"}},{"name":"Transform_Silver_Team","type":"TridentNotebook","dependsOn":[{"activity":"Fix Missing Event ID","dependencyConditions":["Succeeded"]},{"activity":"Fix Missing Team ID","dependencyConditions":["Succeeded"]}],"policy":{"timeout":"0.12:00:00","retry":0,"retryIntervalInSeconds":30,"secureOutput":false,"secureInput":false},"typeProperties":{"notebookId":"dc762be8-29ee-4555-8d55-257529b40b50","workspaceId":"9fa45eaf-a701-46a3-ba5c-c97dab18050d"}},{"name":"Transform_Silver_Player","type":"TridentNotebook","dependsOn":[{"activity":"Transform_Silver_Event_Player","dependencyConditions":["Succeeded"]},{"activity":"Transform_Silver_Event","dependencyConditions":["Succeeded"]}],"policy":{"timeout":"0.12:00:00","retry":0,"retryIntervalInSeconds":30,"secureOutput":false,"secureInput":false},"typeProperties":{"notebookId":"0a70ce06-4e8a-422d-8c57-8983b43bba83","workspaceId":"9fa45eaf-a701-46a3-ba5c-c97dab18050d"}},{"name":"Fix Missing Event ID","type":"TridentNotebook","dependsOn":[],"policy":{"timeout":"0.12:00:00","retry":0,"retryIntervalInSeconds":30,"secureOutput":false,"secureInput":false},"typeProperties":{"notebookId":"09c6e7d5-d6d9-47c1-a41f-90cf280ae6ef","workspaceId":"9fa45eaf-a701-46a3-ba5c-c97dab18050d"}},{"name":"Transform_Silver_Player_Stats","type":"TridentNotebook","dependsOn":[{"activity":"Transform_Silver_Event","dependencyConditions":["Succeeded"]},{"activity":"Transform_Silver_Event_Player","dependencyConditions":["Succeeded"]}],"policy":{"timeout":"0.12:00:00","retry":0,"retryIntervalInSeconds":30,"secureOutput":false,"secureInput":false},"typeProperties":{"notebookId":"18922c4f-9f54-4b0b-b253-83c859f2a343","workspaceId":"9fa45eaf-a701-46a3-ba5c-c97dab18050d"}},{"name":"Transform_Silver_Goalie_Stats","type":"TridentNotebook","dependsOn":[{"activity":"Transform_Silver_Player_Stats","dependencyConditions":["Succeeded"]},{"activity":"Transform_Silver_Player","dependencyConditions":["Succeeded"]}],"policy":{"timeout":"0.12:00:00","retry":0,"retryIntervalInSeconds":30,"secureOutput":false,"secureInput":false},"typeProperties":{"notebookId":"441ca610-b94b-4910-8bc3-50563ac1befc","workspaceId":"9fa45eaf-a701-46a3-ba5c-c97dab18050d"}},{"name":"Transform_Silver_Team_Stats","type":"TridentNotebook","dependsOn":[{"activity":"Transform_Silver_Player_Stats","dependencyConditions":["Succeeded"]},{"activity":"Transform_Silver_Player","dependencyConditions":["Succeeded"]}],"policy":{"timeout":"0.12:00:00","retry":0,"retryIntervalInSeconds":30,"secureOutput":false,"secureInput":false},"typeProperties":{"notebookId":"18922c4f-9f54-4b0b-b253-83c859f2a343","workspaceId":"9fa45eaf-a701-46a3-ba5c-c97dab18050d"}},{"name":"Transform_Silver_Event_Player","type":"TridentNotebook","dependsOn":[{"activity":"Transform Silver Game","dependencyConditions":["Succeeded"]},{"activity":"Transform_Silver_Team","dependencyConditions":["Succeeded"]}],"policy":{"timeout":"0.12:00:00","retry":0,"retryIntervalInSeconds":30,"secureOutput":false,"secureInput":false},"typeProperties":{"notebookId":"e1e361f1-d41e-42bc-b14e-9e18081fd4ad","workspaceId":"9fa45eaf-a701-46a3-ba5c-c97dab18050d"}},{"name":"Transform_Silver_Event","type":"TridentNotebook","dependsOn":[{"activity":"Transform Silver Game","dependencyConditions":["Succeeded"]},{"activity":"Transform_Silver_Team","dependencyConditions":["Succeeded"]}],"policy":{"timeout":"0.12:00:00","retry":0,"retryIntervalInSeconds":30,"secureOutput":false,"secureInput":false},"typeProperties":{"notebookId":"1c6b8f84-9975-4b5a-9864-001345e595e2","workspaceId":"9fa45eaf-a701-46a3-ba5c-c97dab18050d"}}],"lastModifiedByObjectId":"2972839a-7e49-4b62-bb69-141f398c30e5","lastPublishTime":"2026-01-29T09:33:45Z"},"dependsOn":[]}]}